{
    "learning_rate": 0.0004854747506467294,
    "weight_decay": 0.00375340155190001,
    "batch_size": 2,
    "pretrained_model_name": "",
    "tune_split": 0.4,
    "tune_indice_prop": 1.0,
    "train_test_split": 0.9,
    "train_indice_prop": 1.0,
    "num_tune_trials": 1,
    "total_runtime_seconds": 1997.493161201477,
    "run_datetime": "2025-08-12 23:19:34"
}