{
    "learning_rate": 7.683405402309869e-05,
    "weight_decay": 3.562283245785749e-06,
    "step_size": 500,
    "gamma": 0.7285052439139637,
    "accumulation_steps": 4,
    "max_prompts": 20,
    "tune_split": 0.3,
    "tune_indice_prop": 1.0,
    "train_test_split": 0.8,
    "train_indice_prop": 1.0,
    "num_tune_trials": 10,
    "total_runtime_seconds": 1452.851563692093,
    "run_datetime": "2025-08-17 01:22:50"
}