{
    "learning_rate": 0.00039935684404171186,
    "weight_decay": 7.785052814312042e-05,
    "step_size": 400,
    "gamma": 0.04428437567551291,
    "accumulation_steps": 4,
    "max_prompts": 40,
    "tune_split": 0.3,
    "tune_indice_prop": 1.0,
    "train_test_split": 0.8,
    "train_indice_prop": 1.0,
    "num_tune_trials": 10,
    "total_runtime_seconds": 1400.8814160823822,
    "run_datetime": "2025-08-17 01:46:21"
}