{
    "learning_rate": 0.0012521936940100412,
    "weight_decay": 2.4558200840547685e-05,
    "step_size": 50,
    "gamma": 0.8766245206563853,
    "accumulation_steps": 2,
    "max_prompts": 70,
    "tune_split": 0.4,
    "tune_indice_prop": 1.0,
    "train_test_split": 0.8,
    "train_indice_prop": 1.0,
    "num_tune_trials": 10,
    "total_runtime_seconds": 10137.198910236359,
    "run_datetime": "2025-08-09 21:26:42"
}