{
    "learning_rate": 0.0007252038391893194,
    "weight_decay": 0.015312893718767664,
    "step_size": 50,
    "gamma": 0.39920084529486155,
    "accumulation_steps": 2,
    "max_prompts": 80,
    "tune_split": 0.3,
    "tune_indice_prop": 1.0,
    "train_test_split": 0.8,
    "train_indice_prop": 1.0,
    "num_tune_trials": 7,
    "total_runtime_seconds": 5870.479404449463,
    "run_datetime": "2025-08-16 12:22:52"
}