{
    "learning_rate": 4.945424973354179e-05,
    "weight_decay": 0.0003192436092946127,
    "step_size": 500,
    "gamma": 0.5218382830510399,
    "accumulation_steps": 8,
    "max_prompts": 30,
    "tune_split": 0.3,
    "tune_indice_prop": 1.0,
    "train_test_split": 0.8,
    "train_indice_prop": 1.0,
    "num_tune_trials": 10,
    "total_runtime_seconds": 6542.182314872742,
    "run_datetime": "2025-08-16 03:32:00"
}