{
    "learning_rate": 0.00020587744841387673,
    "weight_decay": 0.021074603556560195,
    "step_size": 250,
    "gamma": 0.5226689919894164,
    "accumulation_steps": 2,
    "max_prompts": 5,
    "tune_split": 0.3,
    "tune_indice_prop": 1.0,
    "train_test_split": 0.8,
    "train_indice_prop": 1.0,
    "num_tune_trials": 10,
    "total_runtime_seconds": 6330.485609054565,
    "run_datetime": "2025-08-16 16:22:43"
}