{
    "learning_rate": 0.00016879204574922523,
    "weight_decay": 2.741550169027458e-05,
    "step_size": 150,
    "gamma": 0.551207576154914,
    "accumulation_steps": 2,
    "max_prompts": 5,
    "tune_split": 0.3,
    "tune_indice_prop": 1.0,
    "train_test_split": 0.8,
    "train_indice_prop": 1.0,
    "num_tune_trials": 10,
    "total_runtime_seconds": 9102.510499238968,
    "run_datetime": "2025-08-16 18:57:50"
}