{
    "learning_rate": 0.0020248567072375613,
    "weight_decay": 5.615015913018915e-05,
    "step_size": 150,
    "gamma": 0.21724222683247493,
    "accumulation_steps": 2,
    "max_prompts": 80,
    "tune_split": 0.3,
    "tune_indice_prop": 1.0,
    "train_test_split": 0.8,
    "train_indice_prop": 1.0,
    "num_tune_trials": 10,
    "total_runtime_seconds": 7243.093790769577,
    "run_datetime": "2025-08-16 14:35:35"
}