{
    "learning_rate": 0.0016690513209012224,
    "weight_decay": 0.0031848650605642475,
    "step_size": 150,
    "gamma": 0.10666569031272247,
    "accumulation_steps": 2,
    "max_prompts": 75,
    "tune_split": 0.4,
    "tune_indice_prop": 1.0,
    "train_test_split": 0.8,
    "train_indice_prop": 1.0,
    "num_tune_trials": 10,
    "total_runtime_seconds": 1534.034740447998,
    "run_datetime": "2025-08-09 22:27:11"
}