{
    "learning_rate": 0.0002698183020536006,
    "weight_decay": 6.80476611717904e-05,
    "step_size": 500,
    "gamma": 0.8578550392242242,
    "accumulation_steps": 8,
    "max_prompts": 20,
    "tune_split": 0.3,
    "tune_indice_prop": 1.0,
    "train_test_split": 0.8,
    "train_indice_prop": 1.0,
    "num_tune_trials": 10,
    "total_runtime_seconds": 1184.0508530139923,
    "run_datetime": "2025-08-16 23:43:08"
}