{
    "learning_rate": 9.014105999253049e-05,
    "weight_decay": 0.052228197191761194,
    "step_size": 500,
    "gamma": 0.5671364069688025,
    "accumulation_steps": 2,
    "max_prompts": 60,
    "tune_split": 0.3,
    "tune_indice_prop": 1.0,
    "train_test_split": 0.8,
    "train_indice_prop": 1.0,
    "num_tune_trials": 10,
    "total_runtime_seconds": 1254.130734205246,
    "run_datetime": "2025-08-17 00:58:28"
}