{
    "learning_rate": 8.475158231000995e-05,
    "weight_decay": 0.031891734928869556,
    "step_size": 350,
    "gamma": 0.7972779263476535,
    "accumulation_steps": 2,
    "max_prompts": 40,
    "tune_split": 0.3,
    "tune_indice_prop": 1.0,
    "train_test_split": 0.8,
    "train_indice_prop": 1.0,
    "num_tune_trials": 10,
    "total_runtime_seconds": 1378.8383884429932,
    "run_datetime": "2025-08-17 00:37:23"
}